{"variants":{"facing=east,half=bottom,shape=straight":{"model":"birch_stairs","y":180,"uvlock":false},"facing=west,half=bottom,shape=straight":{"model":"birch_stairs","y":0,"uvlock":false},"facing=south,half=bottom,shape=straight":{"model":"birch_stairs","y":-90,"uvlock":false},"facing=north,half=bottom,shape=straight":{"model":"birch_stairs","y":90,"uvlock":false},"facing=east,half=bottom,shape=outer_right":{"model":"birch_outer_stairs"},"facing=west,half=bottom,shape=outer_right":{"model":"birch_outer_stairs","y":180,"uvlock":false},"facing=south,half=bottom,shape=outer_right":{"model":"birch_outer_stairs","y":90,"uvlock":false},"facing=north,half=bottom,shape=outer_right":{"model":"birch_outer_stairs","y":270,"uvlock":false},"facing=east,half=bottom,shape=outer_left":{"model":"birch_outer_stairs","y":270,"uvlock":false},"facing=west,half=bottom,shape=outer_left":{"model":"birch_outer_stairs","y":90,"uvlock":false},"facing=south,half=bottom,shape=outer_left":{"model":"birch_outer_stairs"},"facing=north,half=bottom,shape=outer_left":{"model":"birch_outer_stairs","y":180,"uvlock":false},"facing=east,half=bottom,shape=inner_right":{"model":"birch_inner_stairs"},"facing=west,half=bottom,shape=inner_right":{"model":"birch_inner_stairs","y":180,"uvlock":false},"facing=south,half=bottom,shape=inner_right":{"model":"birch_inner_stairs","y":90,"uvlock":false},"facing=north,half=bottom,shape=inner_right":{"model":"birch_inner_stairs","y":270,"uvlock":false},"facing=east,half=bottom,shape=inner_left":{"model":"birch_inner_stairs","y":270,"uvlock":false},"facing=west,half=bottom,shape=inner_left":{"model":"birch_inner_stairs","y":90,"uvlock":false},"facing=south,half=bottom,shape=inner_left":{"model":"birch_inner_stairs"},"facing=north,half=bottom,shape=inner_left":{"model":"birch_inner_stairs","y":180,"uvlock":false},"facing=east,half=top,shape=straight":{"model":"birch_outer_stairs","x":180,"uvlock":false},"facing=west,half=top,shape=straight":{"model":"birch_outer_stairs","x":180,"y":180,"uvlock":false},"facing=south,half=top,shape=straight":{"model":"birch_outer_stairs","x":180,"y":90,"uvlock":false},"facing=north,half=top,shape=straight":{"model":"birch_outer_stairs","x":180,"y":270,"uvlock":false},"facing=east,half=top,shape=outer_right":{"model":"birch_outer_stairs","x":180,"uvlock":false},"facing=west,half=top,shape=outer_right":{"model":"birch_outer_stairs","x":180,"y":180,"uvlock":false},"facing=south,half=top,shape=outer_right":{"model":"birch_outer_stairs","x":180,"y":90,"uvlock":false},"facing=north,half=top,shape=outer_right":{"model":"birch_outer_stairs","x":180,"y":270,"uvlock":false},"facing=east,half=top,shape=outer_left":{"model":"birch_outer_stairs","x":180,"y":90,"uvlock":false},"facing=west,half=top,shape=outer_left":{"model":"birch_outer_stairs","x":180,"y":270,"uvlock":false},"facing=south,half=top,shape=outer_left":{"model":"birch_outer_stairs","x":180,"y":180,"uvlock":false},"facing=north,half=top,shape=outer_left":{"model":"birch_outer_stairs","x":180,"uvlock":false},"facing=east,half=top,shape=inner_right":{"model":"birch_inner_stairs","x":180,"uvlock":false},"facing=west,half=top,shape=inner_right":{"model":"birch_inner_stairs","x":180,"y":180,"uvlock":false},"facing=south,half=top,shape=inner_right":{"model":"birch_inner_stairs","x":180,"y":90,"uvlock":false},"facing=north,half=top,shape=inner_right":{"model":"birch_inner_stairs","x":180,"y":270,"uvlock":false},"facing=east,half=top,shape=inner_left":{"model":"birch_inner_stairs","x":180,"y":90,"uvlock":false},"facing=west,half=top,shape=inner_left":{"model":"birch_inner_stairs","x":180,"y":270,"uvlock":false},"facing=south,half=top,shape=inner_left":{"model":"birch_inner_stairs","x":180,"y":180,"uvlock":false},"facing=north,half=top,shape=inner_left":{"model":"birch_inner_stairs","x":180,"uvlock":false}}}