{"textures":{"particle":"blocks/planks_oak","all":"blocks/planks_oak"},"elements":[{"from":[10.5,0,2],"to":[12.5,12,4],"faces":{"down":{"uv":[14,4,12,2],"rotation":270,"texture":"#all"},"up":{"uv":[2,2,4,4],"rotation":90,"texture":"#all"},"north":{"uv":[2,4,4,16],"texture":"#all"},"south":{"uv":[12,4,14,16],"texture":"#all"},"west":{"uv":[2,4,4,16],"texture":"#all"},"east":{"uv":[12,4,14,16],"texture":"#all"}}},{"from":[10.5,0,12],"to":[12.5,12,14],"faces":{"down":{"uv":[4,4,2,2],"rotation":270,"texture":"#all"},"up":{"uv":[12,2,14,4],"rotation":90,"texture":"#all"},"north":{"uv":[2,4,4,16],"texture":"#all"},"south":{"uv":[12,4,14,16],"texture":"#all"},"west":{"uv":[12,4,14,16],"texture":"#all"},"east":{"uv":[2,4,4,16],"texture":"#all"}}},{"from":[0.5,0,2],"to":[2.5,26,4],"faces":{"down":{"uv":[14,14,12,12],"rotation":270,"texture":"#all"},"up":{"uv":[2,12,4,14],"rotation":90,"texture":"#all"},"north":{"uv":[12,0,14,16],"texture":"#all"},"south":{"uv":[2,0,4,16],"texture":"#all"},"west":{"uv":[2,0,4,16],"texture":"#all"},"east":{"uv":[12,0,14,16],"texture":"#all"}}},{"from":[0.5,0,12],"to":[2.5,26,14],"faces":{"down":{"uv":[4,14,2,12],"rotation":270,"texture":"#all"},"up":{"uv":[12,12,14,14],"rotation":90,"texture":"#all"},"north":{"uv":[12,0,14,16],"texture":"#all"},"south":{"uv":[2,0,4,16],"texture":"#all"},"west":{"uv":[12,0,14,16],"texture":"#all"},"east":{"uv":[2,0,4,16],"texture":"#all"}}},{"from":[2.5,12,1.5],"to":[14,13,15],"faces":{"down":{"uv":[14.6875,12,1.1875,0.5],"rotation":270,"texture":"#all"},"up":{"uv":[1.3125,0.5,14.8125,12],"rotation":90,"texture":"#all"},"north":{"uv":[0.5,3,12,4],"texture":"#all"},"south":{"uv":[4,3,15.5,4],"texture":"#all"},"west":{"uv":[1.3125,3,14.8125,4],"texture":"#all"},"east":{"uv":[1.1875,3,14.6875,4],"texture":"#all"}}},{"from":[0.5,22,4],"to":[2.5,24,12],"faces":{"down":{"uv":[12,14,4,12],"rotation":270,"texture":"#all"},"up":{"uv":[4,12,12,14],"rotation":90,"texture":"#all"},"north":{"uv":[12,0,14,0],"texture":"#all"},"south":{"uv":[2,0,4,0],"texture":"#all"},"west":{"uv":[4,0,12,0],"texture":"#all"},"east":{"uv":[4,0,12,0],"texture":"#all"}}},{"from":[0.5,16,4],"to":[2.5,18,12],"faces":{"down":{"uv":[12,14,4,12],"rotation":270,"texture":"#all"},"up":{"uv":[4,12,12,14],"rotation":90,"texture":"#all"},"north":{"uv":[12,0,14,0],"texture":"#all"},"south":{"uv":[2,0,4,0],"texture":"#all"},"west":{"uv":[4,0,12,0],"texture":"#all"},"east":{"uv":[4,0,12,0],"texture":"#all"}}}]}