{
"b1": {"category": "record","sounds": [{"name": "b1","stream": true}]},
"b2": {"category": "record","sounds": [{"name": "b2","stream": true}]},
"b3": {"category": "record","sounds": [{"name": "b3","stream": true}]},
"b4": {"category": "record","sounds": [{"name": "b4","stream": true}]},
"warai": {"category": "record","sounds": [{"name": "warai","stream": true}]},
"warai2": {"category": "record","sounds": [{"name": "warai2","stream": true}]},
"oni": {"category": "record","sounds": [{"name": "oni","stream": true}]},
"sibou": {"category": "record","sounds": [{"name": "sibou","stream": true}]},
"sekkin": {"category": "record","sounds": [{"name": "sekkin","stream": true}]},
"isu": {"category": "record","sounds": [{"name": "isu","stream": true}]},
"mizu": {"category": "record","sounds": [{"name": "mizu","stream": true}]},
"kusyami": {"category": "record","sounds": [{"name": "kusyami","stream": true}]},
"chi": {"category": "record","sounds": [{"name": "chi","stream": true}]},
"garasu": {"category": "record","sounds": [{"name": "garasu","stream": true}]},
"gareki": {"category": "record","sounds": [{"name": "gareki","stream": true}]},
"hikari": {"category": "record","sounds": [{"name": "hikari","stream": true}]}
}
